BEGIN TRANSACTION;
CREATE TABLE IF NOT EXISTS "Student" (
	"Std_Id"	TEXT,
	"Std_Name"	TEXT,
	"Sex"	TEXT
);
CREATE TABLE IF NOT EXISTS "record" (
	"course_id"	TEXT,
	"std_id"	TEXT,
	"rcd"	INTEGER
);
CREATE TABLE IF NOT EXISTS "course" (
	"course_id"	TEXT,
	"course_name"	TEXT,
	"credit"	INTEGER
);
INSERT INTO "Student" VALUES ('S001','S001Name','F');
INSERT INTO "Student" VALUES ('S002','S002Name','M');
INSERT INTO "Student" VALUES ('S003','S003Name','F');
INSERT INTO "Student" VALUES ('S004','S004Name','M');
INSERT INTO "Student" VALUES ('S005','S005Name','M');
INSERT INTO "Student" VALUES ('S006','S006Name','M');
INSERT INTO "Student" VALUES ('S007','S007Name','F');
INSERT INTO "Student" VALUES ('S008','S008Name','F');
INSERT INTO "Student" VALUES ('S009','S009Name','F');
INSERT INTO "Student" VALUES ('S010','S010Name','M');
INSERT INTO "Student" VALUES ('S011','S011Name','F');
INSERT INTO "Student" VALUES ('S012','S012Name','M');
INSERT INTO "Student" VALUES ('S013','S013Name','M');
INSERT INTO "Student" VALUES ('S014','S014Name','M');
INSERT INTO "Student" VALUES ('S015','S015Name','F');
INSERT INTO "Student" VALUES ('S016','S016Name','F');
INSERT INTO "Student" VALUES ('S017','S017Name','F');
INSERT INTO "Student" VALUES ('S018','S018Name','M');
INSERT INTO "Student" VALUES ('S019','S019Name','F');
INSERT INTO "Student" VALUES ('S020','S020Name','M');
INSERT INTO "Student" VALUES ('S021','S021Name','M');
INSERT INTO "Student" VALUES ('S022','S022Name','M');
INSERT INTO "Student" VALUES ('S023','S023Name','F');
INSERT INTO "Student" VALUES ('S024','S024Name','F');
INSERT INTO "Student" VALUES ('S025','S025Name','F');
INSERT INTO "Student" VALUES ('S026','S026Name','M');
INSERT INTO "Student" VALUES ('S027','S027Name','F');
INSERT INTO "Student" VALUES ('S028','S028Name','M');
INSERT INTO "Student" VALUES ('S029','S029Name','M');
INSERT INTO "Student" VALUES ('S030','S030Name','M');
INSERT INTO "record" VALUES ('C001','S001',65);
INSERT INTO "record" VALUES ('C001','S002',85);
INSERT INTO "record" VALUES ('C001','S003',98);
INSERT INTO "record" VALUES ('C001','S004',67);
INSERT INTO "record" VALUES ('C001','S005',60);
INSERT INTO "record" VALUES ('C001','S006',62);
INSERT INTO "record" VALUES ('C001','S007',85);
INSERT INTO "record" VALUES ('C001','S008',65);
INSERT INTO "record" VALUES ('C001','S009',81);
INSERT INTO "record" VALUES ('C001','S010',76);
INSERT INTO "record" VALUES ('C001','S011',70);
INSERT INTO "record" VALUES ('C001','S012',93);
INSERT INTO "record" VALUES ('C001','S013',93);
INSERT INTO "record" VALUES ('C001','S014',83);
INSERT INTO "record" VALUES ('C001','S015',95);
INSERT INTO "record" VALUES ('C001','S016',64);
INSERT INTO "record" VALUES ('C001','S017',46);
INSERT INTO "record" VALUES ('C001','S018',93);
INSERT INTO "record" VALUES ('C001','S019',51);
INSERT INTO "record" VALUES ('C001','S020',48);
INSERT INTO "record" VALUES ('C001','S021',75);
INSERT INTO "record" VALUES ('C001','S022',88);
INSERT INTO "record" VALUES ('C001','S023',69);
INSERT INTO "record" VALUES ('C001','S024',83);
INSERT INTO "record" VALUES ('C001','S025',96);
INSERT INTO "record" VALUES ('C001','S026',72);
INSERT INTO "record" VALUES ('C001','S027',86);
INSERT INTO "record" VALUES ('C001','S028',96);
INSERT INTO "record" VALUES ('C001','S029',81);
INSERT INTO "record" VALUES ('C001','S030',76);
INSERT INTO "record" VALUES ('C002','S001',70);
INSERT INTO "record" VALUES ('C002','S002',90);
INSERT INTO "record" VALUES ('C002','S003',75);
INSERT INTO "record" VALUES ('C002','S004',71);
INSERT INTO "record" VALUES ('C002','S005',64);
INSERT INTO "record" VALUES ('C002','S006',57);
INSERT INTO "record" VALUES ('C002','S007',81);
INSERT INTO "record" VALUES ('C002','S008',90);
INSERT INTO "record" VALUES ('C002','S009',58);
INSERT INTO "record" VALUES ('C002','S010',95);
INSERT INTO "record" VALUES ('C002','S011',66);
INSERT INTO "record" VALUES ('C002','S012',80);
INSERT INTO "record" VALUES ('C002','S013',80);
INSERT INTO "record" VALUES ('C002','S014',64);
INSERT INTO "record" VALUES ('C002','S015',74);
INSERT INTO "record" VALUES ('C002','S016',74);
INSERT INTO "record" VALUES ('C002','S017',62);
INSERT INTO "record" VALUES ('C002','S018',53);
INSERT INTO "record" VALUES ('C002','S019',97);
INSERT INTO "record" VALUES ('C002','S020',78);
INSERT INTO "record" VALUES ('C002','S021',64);
INSERT INTO "record" VALUES ('C002','S022',74);
INSERT INTO "record" VALUES ('C002','S023',58);
INSERT INTO "record" VALUES ('C002','S024',88);
INSERT INTO "record" VALUES ('C002','S025',95);
INSERT INTO "record" VALUES ('C002','S026',54);
INSERT INTO "record" VALUES ('C002','S027',53);
INSERT INTO "record" VALUES ('C002','S028',65);
INSERT INTO "record" VALUES ('C002','S029',81);
INSERT INTO "record" VALUES ('C002','S030',56);
INSERT INTO "record" VALUES ('C003','S001',93);
INSERT INTO "record" VALUES ('C003','S002',100);
INSERT INTO "record" VALUES ('C003','S003',51);
INSERT INTO "record" VALUES ('C003','S004',89);
INSERT INTO "record" VALUES ('C003','S005',97);
INSERT INTO "record" VALUES ('C003','S006',92);
INSERT INTO "record" VALUES ('C003','S007',87);
INSERT INTO "record" VALUES ('C003','S008',97);
INSERT INTO "record" VALUES ('C003','S009',52);
INSERT INTO "record" VALUES ('C003','S010',96);
INSERT INTO "record" VALUES ('C003','S011',63);
INSERT INTO "record" VALUES ('C003','S012',83);
INSERT INTO "record" VALUES ('C003','S013',84);
INSERT INTO "record" VALUES ('C003','S014',57);
INSERT INTO "record" VALUES ('C003','S015',94);
INSERT INTO "record" VALUES ('C003','S016',92);
INSERT INTO "record" VALUES ('C003','S017',79);
INSERT INTO "record" VALUES ('C003','S018',98);
INSERT INTO "record" VALUES ('C003','S019',70);
INSERT INTO "record" VALUES ('C003','S020',50);
INSERT INTO "record" VALUES ('C003','S021',76);
INSERT INTO "record" VALUES ('C003','S022',65);
INSERT INTO "record" VALUES ('C003','S023',97);
INSERT INTO "record" VALUES ('C003','S024',51);
INSERT INTO "record" VALUES ('C003','S025',57);
INSERT INTO "record" VALUES ('C003','S026',92);
INSERT INTO "record" VALUES ('C003','S027',51);
INSERT INTO "record" VALUES ('C003','S028',94);
INSERT INTO "record" VALUES ('C003','S029',53);
INSERT INTO "record" VALUES ('C003','S030',97);
INSERT INTO "course" VALUES ('C001','計算機概論',3);
INSERT INTO "course" VALUES ('C002','Python程式設計',3);
INSERT INTO "course" VALUES ('C003','網路概論',4);
COMMIT;
